{"0": 0.8016177096636865, "1": 0.34424586179550654, "2": 0.5493898405231977, "3": 0.6375165932945797, "4": 0.012982912655043801, "5": 0.4129098892243501, "6": 0.3117598343302652, "7": 0.7021071587417481, "8": 0.8955639106356068, "9": 0.7292130862336983, "10": 0.7753979426628438, "11": 0.2664853545220863, "12": 0.8171262111963411, "13": 0.4715638715638716, "14": 0.16787229014030036, "15": 0.0824547640876044, "16": 0.18624719795759337, "17": 0.45572029653376084, "18": 0.5985748558188565, "19": 0.9059616447676148, "20": 0.4127016028745936, "21": 0.687471988609742, "22": 0.7599332479654162, "23": 0.273374564605914, "24": 0.82084050095115, "25": 0.3530006403328577, "26": 0.6130227007906585, "27": 0.46193927458391376, "28": 0.2981169726772067, "29": 0.541659921058832}