{"0": 0.4712531776439822, "1": 0.2603802994300256, "2": 0.19173276747818999, "3": 0.2707194831183448, "4": 0.30683667273831206, "5": 0.39754063074842166, "6": 0.26721019873727153, "7": 0.7043938012663183, "8": 0.810293265721084, "9": 0.684369026147627, "10": 0.6701799125865104, "11": 0.3598612906750276, "12": 0.7657343982388488, "13": 0.27766042966042964, "14": 0.37968760071331886, "15": 0.03405242883456489, "16": 0.17744091650601623, "17": 0.4900988445869231, "18": 0.417211744855967, "19": 0.8290385678445379, "20": 0.4491424335642031, "21": 0.6283357328031666, "22": 0.7460934285421162, "23": 0.13053932109973357, "24": 0.7592558142116286, "25": 0.31348339114295093, "26": 0.5520111511306263, "27": 0.45006806776226155, "28": 0.291331569177803, "29": 0.5314906118655783}