{"0": 0.5265326278659611, "1": 0.2698082691521694, "2": 0.022392061414957247, "3": 0.5754611933451492, "4": 0.013857229594934512, "5": 0.4152915732310837, "6": 0.28491747781521654, "7": 0.7568752540923994, "8": 0.3614156857284261, "9": 0.7041739376064283, "10": 0.7856133807990056, "11": 0.4493862328110209, "12": 0.7692330155708412, "13": 0.12874936474936477, "14": 0.291761167092796, "15": 0.38884767701484374, "16": 0.6759340068128098, "17": 0.6942329526480998, "18": 0.36056358073992856, "19": 0.8706325920256268, "20": 0.4701013761056647, "21": 0.6413279502361166, "22": 0.0354690627894779, "23": 0.4325725336108906, "24": 0.011316526610644258, "25": 0.3447264841296301, "26": 0.3938500503034543, "27": 0.42453173247101955, "28": 0.4652453146602803, "29": 0.5270422728043349}