{"0": 0.43496977437207324, "1": 0.25058633732066987, "2": 0.2843692001897536, "3": 0.20527505846831554, "4": 0.014591031312342788, "5": 0.3890515035572861, "6": 0.24707041927172033, "7": 0.7172797394104812, "8": 0.32761257505857905, "9": 0.6643272889602518, "10": 0.7590748616198767, "11": 0.4596380989584561, "12": 0.686761767424042, "13": 0.2702009702009702, "14": 0.35230217218486126, "15": 0.3933928499781715, "16": 0.17719178123294174, "17": 0.3466907099445669, "18": 0.39942799766242065, "19": 0.8238295700982268, "20": 0.4488648544295558, "21": 0.6858299949954401, "22": 0.042510690582805016, "23": 0.1777212652055115, "24": 0.6989436257673444, "25": 0.30713453232667953, "26": 0.12016781947529055, "27": 0.3924508431464866, "28": 0.4773090514145919, "29": 0.5445210203780442}