{"0": 0.8102511707109409, "1": 0.27328830985528835, "2": 0.34672895029512674, "3": 0.48968260178935136, "4": 0.802277734408882, "5": 0.5632619201444318, "6": 0.33387105983217397, "7": 0.6301135585243051, "8": 0.37603345890066203, "9": 0.7403591031503844, "10": 0.8138348184781994, "11": 0.16537149499825726, "12": 0.842437669141462, "13": 0.2937288057288057, "14": 0.30207678920568076, "15": 0.1672186031356641, "16": 0.1892848172312168, "17": 0.37403993855606754, "18": 0.5189668643447631, "19": 0.9214894190018568, "20": 0.18163228269815862, "21": 0.10023105405808748, "22": 0.04437561625432746, "23": 0.2326147947091433, "24": 0.8717675472658653, "25": 0.3702366693799288, "26": 0.14254159033785482, "27": 0.4229438411495591, "28": 0.4939341269763105, "29": 0.5447521664618322}