{"0": 0.43128918080642226, "1": 0.2523128039804806, "2": 0.023348837321233634, "3": 0.41551111746656544, "4": 0.013506808916644982, "5": 0.19716065607907662, "6": 0.22962406055378684, "7": 0.7849031355152059, "8": 0.7628971752475027, "9": 0.6464836470239408, "10": 0.4828403733376574, "11": 0.419757628036518, "12": 0.4971052431391215, "13": 0.11080341880341879, "14": 0.25410394688782423, "15": 0.2773187050374972, "16": 0.14323954957478016, "17": 0.5357643758765778, "18": 0.18271173160426768, "19": 0.7355033947073748, "20": 0.4629355312478308, "21": 0.6974764188898059, "22": 0.05586554764495528, "23": 0.16508937434897678, "24": 0.011316526610644258, "25": 0.2896871543632915, "26": 0.42851139364458063, "27": 0.3691091191984044, "28": 0.25212295156560594, "29": 0.47298624214263646}