{"0": 0.8347518092805449, "1": 0.24723995698547505, "2": 0.028873296908281755, "3": 0.2580680248099208, "4": 0.012360135310954984, "5": 0.41610023403330587, "6": 0.3532614651470313, "7": 0.7000801151581987, "8": 0.37774365818680294, "9": 0.520453001317797, "10": 0.8223820790062674, "11": 0.39281286057950937, "12": 0.8417890125065606, "13": 0.18953014553014555, "14": 0.10986399673420279, "15": 0.18653582161470592, "16": 0.6739802361995318, "17": 0.3287751285647499, "18": 0.29708177056395974, "19": 0.9174497880965541, "20": 0.15725063563429137, "21": 0.5025136713664453, "22": 0.03990377315077285, "23": 0.05183367369402126, "24": 0.013050272740675217, "25": 0.19846906719934834, "26": 0.43416245003108667, "27": 0.40148749592667643, "28": 0.29570701573086455, "29": 0.5282614936805062}