{"0": 0.819930669585842, "1": 0.2694745454987904, "2": 0.0685414724662236, "3": 0.2100091772764624, "4": 0.05026108075288403, "5": 0.1544995192799323, "6": 0.3591974676224513, "7": 0.21619094373144448, "8": 0.5296656581494281, "9": 0.7266133207504737, "10": 0.19719136871638765, "11": 0.2687619202089988, "12": 0.8486494331152045, "13": 0.1678059598059598, "14": 0.11981522463098641, "15": 0.14462814825490802, "16": 0.7181054960962301, "17": 0.36033193080878917, "18": 0.2933939426292028, "19": 0.8717452622925259, "20": 0.11833128926052254, "21": 0.6152745873663629, "22": 0.04890233044047053, "23": 0.3221303961783366, "24": 0.0138640719445673, "25": 0.1179644371799003, "26": 0.15263270436846385, "27": 0.3830659928238721, "28": 0.294745779615664, "29": 0.5308331535783721}