{"0": 0.2848599404001703, "1": 0.27058805671113534, "2": 0.12398893726719677, "3": 0.1119775776004031, "4": 0.013832943013270881, "5": 0.2764822086423544, "6": 0.4476138680721832, "7": 0.5094132155347069, "8": 0.4237574832521636, "9": 0.7341001352209171, "10": 0.3638052138534903, "11": 0.38137463119238024, "12": 0.8402020034494465, "13": 0.28258350658350656, "14": 0.33247104827793655, "15": 0.15863348553238696, "16": 0.18242183345089968, "17": 0.16801910104855405, "18": 0.4705142748027788, "19": 0.24696318974925938, "20": 0.2262193705032245, "21": 0.14196806934907655, "22": 0.09874890903492506, "23": 0.07355963864407154, "24": 0.2014383164589368, "25": 0.03667361167327233, "26": 0.3965987664578243, "27": 0.4892487649110115, "28": 0.29811190119094627, "29": 0.5495860291896688}