{"0": 0.7879700784528372, "1": 0.27266023632810615, "2": 0.5027015731626389, "3": 0.24461613336075796, "4": 0.01203053170266285, "5": 0.4484941826866515, "6": 0.4488226666708242, "7": 0.23426399960518762, "8": 0.32130949302266415, "9": 0.7179033729205552, "10": 0.09187015239625483, "11": 0.0972278918529396, "12": 0.8434834674606444, "13": 0.2877283437283437, "14": 0.16769868723545966, "15": 0.16595906813258754, "16": 0.7465115872190254, "17": 0.2718560074801309, "18": 0.7737247386901731, "19": 0.931134923672237, "20": 0.14320283642477222, "21": 0.5988144379940562, "22": 0.12926624141900395, "23": 0.1093054233828838, "24": 0.8015215045442755, "25": 0.037057736493654354, "26": 0.5390604231187573, "27": 0.5035885384770249, "28": 0.28998644084816283, "29": 0.5412731654414925}