{"0": 0.1402644286322447, "1": 0.257459211129827, "2": 0.0940761227537807, "3": 0.30857555767479666, "4": 0.16929482175383814, "5": 0.05739060600093931, "6": 0.24172134895715822, "7": 0.08468898568718565, "8": 0.3186197118401612, "9": 0.7357953276344449, "10": 0.08940596662170695, "11": 0.058437846506920826, "12": 0.8478119481424137, "13": 0.14379025179025176, "14": 0.24096942612208064, "15": 0.08930551606948438, "16": 0.17202546883335343, "17": 0.3259867761971549, "18": 0.3162532922565212, "19": 0.8941404090657822, "20": 0.13296926432678963, "21": 0.009466003295768322, "22": 0.16361222328448757, "23": 0.09292667166713205, "24": 0.787485651688132, "25": 0.3740994717289434, "26": 0.04455896380123698, "27": 0.21374292972782896, "28": 0.2959424920035568, "29": 0.28264327615156654}