{"0": 0.014269415556771877, "1": 0.15660105523247891, "2": 0.3149157622991982, "3": 0.025455795796495043, "4": 0.014242345389886373, "5": 0.0526058200849865, "6": 0.32751060689113676, "7": 0.119826421086444, "8": 0.43877974839514344, "9": 0.36637067218271996, "10": 0.8066338927501836, "11": 0.0812794729138325, "12": 0.528002918290865, "13": 0.16936474936474938, "14": 0.30567174440839645, "15": 0.0603682183082491, "16": 0.17367017399363538, "17": 0.35917985707607025, "18": 0.5128232643559424, "19": 0.22726113024620487, "20": 0.15878271167471797, "21": 0.05758962099520283, "22": 0.06255507747149897, "23": 0.09240949951750788, "24": 0.14761518068800702, "25": 0.3952785973713348, "26": 0.12220704573435869, "27": 0.44510619940938156, "28": 0.3038471729408492, "29": 0.5060170397766638}