{"0": 0.8379059782278172, "1": 0.23997419558061356, "2": 0.3608406663077096, "3": 0.4817106526830397, "4": 0.01719316506201752, "5": 0.24997633373039796, "6": 0.3261557802098605, "7": 0.6555433329372483, "8": 0.37185531605531713, "9": 0.5325728620343336, "10": 0.798052236807516, "11": 0.4283668177161084, "12": 0.8495233155951802, "13": 0.19531808731808728, "14": 0.36879960466665235, "15": 0.18155073476262246, "16": 0.18858528367178232, "17": 0.28339344152808393, "18": 0.4990378387921631, "19": 0.9153094924239202, "20": 0.3118417392525715, "21": 0.08678307789458622, "22": 0.04646469758636887, "23": 0.0548000458017541, "24": 0.1995232994098791, "25": 0.17080508562486205, "26": 0.4076106378783441, "27": 0.47524929361379664, "28": 0.49212416115607527, "29": 0.38679814932123113}