{"0": 0.4336722009365687, "1": 0.24081728685530504, "2": 0.28360398017351013, "3": 0.12074295873140287, "4": 0.29297250412004516, "5": 0.11261109380238024, "6": 0.3230304225937631, "7": 0.3700072802658896, "8": 0.49771139528028385, "9": 0.6896689423929168, "10": 0.02612577420393041, "11": 0.3279358132816499, "12": 0.8397314649815466, "13": 0.16115315315315315, "14": 0.17536213823775862, "15": 0.11120506702254657, "16": 0.1895418336619276, "17": 0.35894610298537366, "18": 0.2891544967661926, "19": 0.8505761789343879, "20": 0.14681697402339877, "21": 0.6096736022705682, "22": 0.04708431718523204, "23": 0.07914394242327062, "24": 0.11097400587029069, "25": 0.1402193598468425, "26": 0.3699819687784083, "27": 0.3862569682013721, "28": 0.4895169967436993, "29": 0.271384774741931}