{"0": 0.42019874718725286, "1": 0.24202839471221543, "2": 0.26488564876905557, "3": 0.27943218597175873, "4": 0.3619585393355885, "5": 0.21357890620853504, "6": 0.2518032772904264, "7": 0.5129132217988379, "8": 0.8516846698748727, "9": 0.6858148517892865, "10": 0.6587286963400822, "11": 0.5301127681223378, "12": 0.7371647920680093, "13": 0.28337814737814737, "14": 0.3263872118256236, "15": 0.12305812310926782, "16": 0.17557401487859997, "17": 0.3460896279970614, "18": 0.4203111063349509, "19": 0.7506839024251959, "20": 0.33558635803164083, "21": 0.5093342673882796, "22": 0.033137325500977054, "23": 0.0929519175065788, "24": 0.16910029249179268, "25": 0.45867396052419424, "26": 0.40275816189290997, "27": 0.42632652621113987, "28": 0.4810236377691747, "29": 0.5362608519690503}