{"0": 0.556717387338077, "1": 0.22536888113618753, "2": 0.08804169469989032, "3": 0.18358896723335932, "4": 0.24712984647410877, "5": 0.11899614122630542, "6": 0.33436040963891384, "7": 0.446589499874806, "8": 0.4925844143396322, "9": 0.4777205785960736, "10": 0.021836174640260813, "11": 0.3961042995952216, "12": 0.8588674276844439, "13": 0.29433495033495033, "14": 0.30646241110371053, "15": 0.12834378740880453, "16": 0.1838456471513637, "17": 0.28332665464502776, "18": 0.3200916260878307, "19": 0.6775453218239289, "20": 0.26556708692230174, "21": 0.034691721397176786, "22": 0.052550641539546875, "23": 0.058839492747176134, "24": 0.1882149410454802, "25": 0.031749551324537766, "26": 0.3936215759716042, "27": 0.464074982780307, "28": 0.4841460407977199, "29": 0.29787760491325116}