{"0": 0.010942528735632184, "1": 0.22222438003577813, "2": 0.3466444569221473, "3": 0.053249168415197945, "4": 0.009908925318761384, "5": 0.19144466676180727, "6": 0.15327884700362773, "7": 0.09153066852297748, "8": 0.320147859598486, "9": 0.5412971095787604, "10": 0.09039360638378895, "11": 0.07679425027271232, "12": 0.6569265409180602, "13": 0.11550565950565951, "14": 0.12446640740820318, "15": 0.05054720228623388, "16": 0.11917120796607367, "17": 0.1744807319842383, "18": 0.2041081673524869, "19": 0.803723547504642, "20": 0.1491433482797084, "21": 0.2198279452438401, "22": 0.034101450630361456, "23": 0.06176326244857288, "24": 0.04913641375251282, "25": 0.02761457319816438, "26": 0.019072220567734027, "27": 0.31688766022699394, "28": 0.22278445298918229, "29": 0.3222523193055298}