{"0": 0.011320561941251596, "1": 0.21798631148270542, "2": 0.29937934185458165, "3": 0.0883361189587927, "4": 0.009936681412091248, "5": 0.23629160304492383, "6": 0.09748684623095893, "7": 0.07474767939503663, "8": 0.5288651136827397, "9": 0.4797993201950607, "10": 0.07298952659625435, "11": 0.08818442676504583, "12": 0.6195724046301322, "13": 0.09432571032571033, "14": 0.049153685838901666, "15": 0.02680970929906522, "16": 0.08939893049514223, "17": 0.12158552060375342, "18": 0.19929274344268733, "19": 0.7731640940596164, "20": 0.1800989431190271, "21": 0.2262379700518311, "22": 0.034196934824743404, "23": 0.06041475500629629, "24": 0.016794871794871796, "25": 0.013417199643235563, "26": 0.04647831397582145, "27": 0.36422236706533734, "28": 0.10818308274881351, "29": 0.33826072376312133}