{"0": 0.8309846135133492, "1": 0.27109962274048777, "2": 0.12378042011494608, "3": 0.2763755622503812, "4": 0.014323878914042848, "5": 0.4384143077985962, "6": 0.4474379534032989, "7": 0.6806791052384127, "8": 0.7466264706538362, "9": 0.7363055376402545, "10": 0.7966272839169496, "11": 0.2076990363014935, "12": 0.84287866780354, "13": 0.44639223839223835, "14": 0.3843783168253013, "15": 0.12675326541061413, "16": 0.7335942905503509, "17": 0.504825352300808, "18": 0.3279504373572139, "19": 0.9300151663335742, "20": 0.5429357348741771, "21": 0.059855034397381185, "22": 0.19856534997941122, "23": 0.137567642799069, "24": 0.8069999249665021, "25": 0.16601015686180118, "26": 0.13430623915365342, "27": 0.4868419823556983, "28": 0.2965217927535223, "29": 0.5475866682382754}