{"0": 0.7791624399440492, "1": 0.26875755089333025, "2": 0.480657689519817, "3": 0.5300297661669011, "4": 0.6234591031312342, "5": 0.4686442647988522, "6": 0.40957176484240926, "7": 0.6183064800312387, "8": 0.8162123516536248, "9": 0.6956285680428546, "10": 0.7071156742361147, "11": 0.14900057897563057, "12": 0.7900013873823589, "13": 0.4705770385770386, "14": 0.3690660249661603, "15": 0.08266530461657996, "16": 0.16450802417520782, "17": 0.2602183931075937, "18": 0.2522021071768474, "19": 0.8807458434324106, "20": 0.17222595524499637, "21": 0.6598989372676748, "22": 0.044852550921477524, "23": 0.09647160254980136, "24": 0.8128472299114682, "25": 0.3500182508435847, "26": 0.1290882082421608, "27": 0.5101878594409401, "28": 0.4101444847013395, "29": 0.5381807647846178}