{"0": 0.8467778385939305, "1": 0.27183997828529993, "2": 0.5032936621253246, "3": 0.5278299914834276, "4": 0.014419290484864256, "5": 0.4763991343942151, "6": 0.4471904493466394, "7": 0.6743334935928581, "8": 0.8942588061398383, "9": 0.7216325519066167, "10": 0.7629983956995905, "11": 0.21433382813963198, "12": 0.8217005736263444, "13": 0.4735975975975977, "14": 0.3797013514384548, "15": 0.06632262559986589, "16": 0.70892243413726, "17": 0.2694182862485808, "18": 0.28479882057479255, "19": 0.9186404161528539, "20": 0.5498614327196271, "21": 0.7137652264372726, "22": 0.8017857092676764, "23": 0.16323695524520354, "24": 0.8103783555680566, "25": 0.22524998684336828, "26": 0.3122069004845371, "27": 0.49335585482510835, "28": 0.29355985210259666, "29": 0.5530810900115222}