{"0": 0.027178495408380465, "1": 0.26585813905312455, "2": 0.5083766682429279, "3": 0.28382091735172127, "4": 0.0420730332205742, "5": 0.11020867255909796, "6": 0.44071705930754845, "7": 0.507264602954185, "8": 0.40737646266647615, "9": 0.7105159005692927, "10": 0.1090678596961902, "11": 0.06620149487418872, "12": 0.867248250801033, "13": 0.13789512589512593, "14": 0.24929205251058162, "15": 0.09890822914148774, "16": 0.7322347029378365, "17": 0.22919588592800375, "18": 0.27460289538911364, "19": 0.17653895763348498, "20": 0.10426820520868893, "21": 0.028215651871226387, "22": 0.047859794722243776, "23": 0.07877350875806309, "24": 0.20121200779068812, "25": 0.03945392606373016, "26": 0.47175295270430123, "27": 0.4599756440464623, "28": 0.29586747758782833, "29": 0.396446169517144}