{"0": 0.4888178556224532, "1": 0.26667461340664167, "2": 0.4761744831023228, "3": 0.21307666094983985, "4": 0.7735224217191431, "5": 0.46815007632971506, "6": 0.4245784680759889, "7": 0.6036196329110746, "8": 0.8165716321522289, "9": 0.6939367881317158, "10": 0.7222471998447293, "11": 0.11280559469274638, "12": 0.7875879996851863, "13": 0.4551406791406791, "14": 0.3747966396665449, "15": 0.19756630455956398, "16": 0.6561488361626981, "17": 0.4060976424230282, "18": 0.27390906177908586, "19": 0.8944593272951482, "20": 0.46454096523677474, "21": 0.6691819917543683, "22": 0.7858054816495268, "23": 0.07765720781448583, "24": 0.8047381478378851, "25": 0.10616444402590951, "26": 0.1309092155212572, "27": 0.503358015818097, "28": 0.3996946830485606, "29": 0.5268029928144703}