{"0": 0.005521620142309797, "1": 0.0933969282866821, "2": 0.04733161822040295, "3": 0.011330748020607937, "4": 0.009908925318761384, "5": 0.009122561358786495, "6": 0.014082314469911369, "7": 0.0272316639523316, "8": 0.13653864586215564, "9": 0.03822584824550162, "10": 0.015583579629070022, "11": 0.060523035201788526, "12": 0.1128407264398476, "13": 0.00995795795795796, "14": 0.02360913563801216, "15": 0.024700304979315763, "16": 0.013797947116087618, "17": 0.1121017832097776, "18": 0.09809392552269043, "19": 0.11239387110033877, "20": 0.05244251719938722, "21": 0.020850392853973866, "22": 0.017556493157297612, "23": 0.022268365061660557, "24": 0.012596196373286158, "25": 0.009827779716771392, "26": 0.008112459159318582, "27": 0.15996862291083422, "28": 0.006578962131837307, "29": 0.10683932668935697}