{"0": 0.8200741957063795, "1": 0.26989737293412397, "2": 0.12279358811868478, "3": 0.05588186941582654, "4": 0.046163587475062884, "5": 0.12045467719367735, "6": 0.44630629394294324, "7": 0.5171687104267696, "8": 0.4318207986033875, "9": 0.5011712486140052, "10": 0.027759556397424275, "11": 0.323194906122449, "12": 0.8573755782950262, "13": 0.2546038346038346, "14": 0.15637840276733342, "15": 0.1615608137344705, "16": 0.177661897209724, "17": 0.09597275095171309, "18": 0.4070237740127239, "19": 0.2460064350611614, "20": 0.20489999265691697, "21": 0.11381041833771136, "22": 0.0565273156980586, "23": 0.09875937423338811, "24": 0.20489539634345735, "25": 0.023330217800864226, "26": 0.34107409457099785, "27": 0.42884846069130156, "28": 0.29962720130304354, "29": 0.4246920768624019}