{"0": 0.2567502280605729, "1": 0.234573727863974, "2": 0.15907903841074642, "3": 0.3712192746692144, "4": 0.49391794604909356, "5": 0.27778141831294095, "6": 0.29732700039251897, "7": 0.1755226718407867, "8": 0.7240575065812832, "9": 0.597937630318619, "10": 0.06864096346469925, "11": 0.055391311909792705, "12": 0.8279251870724301, "13": 0.18894340494340495, "14": 0.3002178630513718, "15": 0.11590429338198396, "16": 0.1915809746801406, "17": 0.3372236692713551, "18": 0.3549405378815356, "19": 0.8928293007894998, "20": 0.11219476584040855, "21": 0.009590622558616915, "22": 0.596294627231122, "23": 0.08067529322903412, "24": 0.19400040229284676, "25": 0.16232836753385327, "26": 0.4377733994194145, "27": 0.3942273870851964, "28": 0.2998022312498027, "29": 0.1486229028044943}