{"0": 0.40099008696709854, "1": 0.27022132227249984, "2": 0.5248169749686402, "3": 0.1276983146159576, "4": 0.38711943793911, "5": 0.10336721097910478, "6": 0.4486149048503927, "7": 0.37704235315100965, "8": 0.5980802606109819, "9": 0.7312123323197978, "10": 0.032213762588107535, "11": 0.2651076973533032, "12": 0.8483789527034774, "13": 0.25758928158928157, "14": 0.12800034376812838, "15": 0.17622079191403925, "16": 0.18654584500213675, "17": 0.17357910906298002, "18": 0.31392712351486884, "19": 0.7126050658388967, "20": 0.1371515352573086, "21": 0.06663987179249688, "22": 0.056391557376531946, "23": 0.10942126023411827, "24": 0.20654513956146225, "25": 0.024132121067994165, "26": 0.31624737646257606, "27": 0.47008357116203936, "28": 0.47648751532143035, "29": 0.5171718298707841}