{"0": 0.49325305601167674, "1": 0.26779261216981404, "2": 0.16888674291717726, "3": 0.19980524437958752, "4": 0.2722404371584699, "5": 0.13657778347673544, "6": 0.29003211068368345, "7": 0.543417672529111, "8": 0.8910753156815691, "9": 0.7314515810338419, "10": 0.7065137544806169, "11": 0.1974073271117829, "12": 0.8023695873707355, "13": 0.18215477015477013, "14": 0.17008959456846356, "15": 0.13761728174184737, "16": 0.18754363902485627, "17": 0.3671942830428104, "18": 0.2919131069154538, "19": 0.8893424614817648, "20": 0.13239668588941078, "21": 0.5217740184687042, "22": 0.04477711403000988, "23": 0.07994541492166826, "24": 0.18793302551678795, "25": 0.17406799547220125, "26": 0.12392811677588059, "27": 0.3672024818177362, "28": 0.48940981832174235, "29": 0.5449406551536919}