{"0": 0.4724081980173934, "1": 0.2683009299570925, "2": 0.2521752246961454, "3": 0.17192956324745504, "4": 0.2845745511319282, "5": 0.14337451705596432, "6": 0.3329812336455601, "7": 0.48253344866010556, "8": 0.9214110078481087, "9": 0.7392150291313044, "10": 0.1704194520810454, "11": 0.18325898551360265, "12": 0.8427276170393566, "13": 0.1573896973896974, "14": 0.17491953677244698, "15": 0.12537926371549843, "16": 0.18991075457214168, "17": 0.281840646497028, "18": 0.30401959572989073, "19": 0.9134385054783064, "20": 0.13349496426128635, "21": 0.40996038241256394, "22": 0.046054215129868445, "23": 0.10457132917669341, "24": 0.2004943959380175, "25": 0.1392060700713455, "26": 0.37956586860453523, "27": 0.3746279456694396, "28": 0.4934470860479407, "29": 0.5222762618360147}