{"0": 0.022599768898619473, "1": 0.27408051526692867, "2": 0.24565351671661054, "3": 0.2477903170865556, "4": 0.3957897475930262, "5": 0.21259813732515537, "6": 0.34227618835741164, "7": 0.10142002581865123, "8": 0.36135540376557307, "9": 0.2503654365390738, "10": 0.08069901309728252, "11": 0.14389695615217749, "12": 0.8633463955682495, "13": 0.26637468237468237, "14": 0.16889843800356658, "15": 0.23793239612107087, "16": 0.7338305389094922, "17": 0.36437253723368734, "18": 0.5315671152328645, "19": 0.7404076483678474, "20": 0.1080935950822923, "21": 0.037773575477330894, "22": 0.047113161368951585, "23": 0.0800527148679784, "24": 0.19660757540547746, "25": 0.3551134018716326, "26": 0.6991731267167992, "27": 0.36843184398720263, "28": 0.3079363209152056, "29": 0.3033600481002234}