{"0": 0.4690574712643678, "1": 0.2618703227225786, "2": 0.2663312367352084, "3": 0.6455796252845439, "4": 0.012217885332639431, "5": 0.39787428191646995, "6": 0.27226679092448564, "7": 0.6244218053221371, "8": 0.8130975826330078, "9": 0.6860537073316647, "10": 0.6600455493561915, "11": 0.36249451365033025, "12": 0.7624160889016041, "13": 0.2774192654192655, "14": 0.16478095524568676, "15": 0.12580959457535237, "16": 0.17695275448887585, "17": 0.45380017364589603, "18": 0.4168003171164556, "19": 0.8233122138594774, "20": 0.4366454198939242, "21": 0.6396449839237295, "22": 0.7604874587259527, "23": 0.15531368672986762, "24": 0.7644216018196461, "25": 0.31437665025921896, "26": 0.6034509733148947, "27": 0.44784785864281124, "28": 0.2927005798986485, "29": 0.5421024640428475}