{"0": 0.8073426990208599, "1": 0.3478337012484837, "2": 0.5596566101534294, "3": 0.6188160757665456, "4": 0.012982912655043801, "5": 0.41046548178709125, "6": 0.31059593503954974, "7": 0.6963486124824655, "8": 0.8997523014146367, "9": 0.7322592296423288, "10": 0.7892838628998774, "11": 0.2618687553728701, "12": 0.8181005141690657, "13": 0.2876701316701316, "14": 0.16901360032657972, "15": 0.04011750546762776, "16": 0.18532812810635022, "17": 0.5271154745208042, "18": 0.5055094524000044, "19": 0.9044237501948944, "20": 0.42784964335050424, "21": 0.7211287773544953, "22": 0.2900598257154133, "23": 0.19918575193040905, "24": 0.18565045852925655, "25": 0.35506189186824844, "26": 0.5639588566711715, "27": 0.466087866094785, "28": 0.29810974967580417, "29": 0.5446542206022281}