{"0": 0.8241138478379858, "1": 0.5073597686072162, "2": 0.5603246995793, "3": 0.2830904932057108, "4": 0.012972504120045103, "5": 0.30834021645230947, "6": 0.33936120074046766, "7": 0.6944073890583542, "8": 0.37429974964900825, "9": 0.7408164711907386, "10": 0.8324279968847581, "11": 0.23766393148171328, "12": 0.84681973107901, "13": 0.4598835758835759, "14": 0.38466966031411814, "15": 0.13139107877084719, "16": 0.18882984255368046, "17": 0.445852534562212, "18": 0.5282018192888395, "19": 0.9242392028461678, "20": 0.423376795539849, "21": 0.09428959529569489, "22": 0.14277738324239128, "23": 0.1896046244978198, "24": 0.20209828702975832, "25": 0.37194274014419276, "26": 0.5495540866916445, "27": 0.4727525291156274, "28": 0.2999324294986878, "29": 0.536753260646462}