{"0": 0.8154682235601775, "1": 0.2901943438966041, "2": 0.3370704281225325, "3": 0.6372215878202726, "4": 0.012982912655043801, "5": 0.41231853757104686, "6": 0.33271947281771364, "7": 0.6962603304830337, "8": 0.892524494068556, "9": 0.7292340752746015, "10": 0.7907751498043146, "11": 0.2590467389611483, "12": 0.8081910582115992, "13": 0.4715952875952877, "14": 0.1683673162451926, "15": 0.22586066935576185, "16": 0.18739723145122225, "17": 0.4517297802711548, "18": 0.5990079161603337, "19": 0.9056923360405946, "20": 0.4506417912631412, "21": 0.7124020612801985, "22": 0.781878710794981, "23": 0.1788475585592212, "24": 0.19219251741223986, "25": 0.3499202509118161, "26": 0.6159488283115003, "27": 0.44586161610422653, "28": 0.2986056663257741, "29": 0.5446897697579595}