{"0": 0.8321989904518639, "1": 0.5276820181691682, "2": 0.3769161405578153, "3": 0.5964867009565484, "4": 0.012521467603434816, "5": 0.4341764034155207, "6": 0.34479913969818415, "7": 0.49271631778586455, "8": 0.9430208858916697, "9": 0.7382595947414607, "10": 0.8211217327427148, "11": 0.2438849446654147, "12": 0.8493863816374908, "13": 0.4544735504735505, "14": 0.38476161828846445, "15": 0.11128073690357478, "16": 0.1887855507602517, "17": 0.43434849395578706, "18": 0.6040293358559758, "19": 0.9197176510609345, "20": 0.44275097243282774, "21": 0.04489520232458188, "22": 0.22659531145353484, "23": 0.15972428596768135, "24": 0.20415853430489636, "25": 0.3542727283122389, "26": 0.18786881707143924, "27": 0.4634614213093407, "28": 0.29845913521603795, "29": 0.5419390929077418}