{"0": 0.8304937055281884, "1": 0.2667741360268749, "2": 0.10673193850249933, "3": 0.7420626951226018, "4": 0.013420071124989157, "5": 0.5497357760721046, "6": 0.3376323914088013, "7": 0.7263091530470324, "8": 0.38285556863674153, "9": 0.4719860977161274, "10": 0.820930101147087, "11": 0.2724681050664626, "12": 0.8578532381985989, "13": 0.14921044121044122, "14": 0.27091163010549385, "15": 0.14872751227829406, "16": 0.681884646892895, "17": 0.3866626594536833, "18": 0.36413606317424696, "19": 0.9193845586880411, "20": 0.1253165803339273, "21": 0.0722099293659244, "22": 0.039087847448085446, "23": 0.07549977780620638, "24": 0.01236031254607106, "25": 0.3942879037324752, "26": 0.3980428092691804, "27": 0.4860599799664601, "28": 0.30373302011499176, "29": 0.5403996917245275}