{"0": 0.8060324758255794, "1": 0.27226063433631925, "2": 0.08411821833842761, "3": 0.795013494158883, "4": 0.01339404978749241, "5": 0.5705231305717537, "6": 0.3261072645761502, "7": 0.7403883325182662, "8": 0.3727263904185437, "9": 0.43900807520128704, "10": 0.7736511469642361, "11": 0.17242679666877397, "12": 0.839102565074718, "13": 0.1382074382074382, "14": 0.2934946178802398, "15": 0.17036808103810183, "16": 0.6914862699156057, "17": 0.38010084819341483, "18": 0.3404808173185667, "19": 0.9177474451106291, "20": 0.1786161596393291, "21": 0.6227857789906648, "22": 0.03700974005091164, "23": 0.09748958599933384, "24": 0.011894441987321246, "25": 0.3714596799144402, "26": 0.40479705631194957, "27": 0.42016954319057576, "28": 0.48124536517982425, "29": 0.5372519010933782}