{"0": 0.024237912789636922, "1": 0.27203378499422487, "2": 0.03628267155178716, "3": 0.30734035000004967, "4": 0.013485991846647585, "5": 0.1993416381940614, "6": 0.34052205703127725, "7": 0.11059421859618229, "8": 0.3645913395315248, "9": 0.28916762319247974, "10": 0.012647685311438193, "11": 0.10195088044286242, "12": 0.8644837803269768, "13": 0.10591175791175791, "14": 0.14794491115742434, "15": 0.04880100423174977, "16": 0.16998579150071488, "17": 0.3316970546984572, "18": 0.3494799581568659, "19": 0.6241513231562983, "20": 0.1078512790005949, "21": 0.14126372167843199, "22": 0.07417873456659893, "23": 0.08256482061652289, "24": 0.012720035382574081, "25": 0.3539411499103022, "26": 0.7024177711793465, "27": 0.4641664868619553, "28": 0.2437961502483405, "29": 0.298198339976458}