{"0": 0.5191870096697683, "1": 0.2677524788094822, "2": 0.31152155559767264, "3": 0.4764026155166496, "4": 0.5829074507763031, "5": 0.4037957840848277, "6": 0.3187768583726096, "7": 0.6829973865795108, "8": 0.3569427640847298, "9": 0.7346098833801769, "10": 0.7811861995769364, "11": 0.1662086590163847, "12": 0.8217088527471693, "13": 0.30640425040425046, "14": 0.2661246589175601, "15": 0.16645210235411803, "16": 0.18579482874546052, "17": 0.3746577172243371, "18": 0.5001949513086079, "19": 0.8879675695596093, "20": 0.13912828735731492, "21": 0.0629881726045579, "22": 0.04234392478497821, "23": 0.20593473729806547, "24": 0.8424648586771332, "25": 0.3514790675035943, "26": 0.13837293307734488, "27": 0.4296431820003814, "28": 0.49331118726346196, "29": 0.5518051039366018}