{"0": 0.47621626223925073, "1": 0.25236332055502253, "2": 0.2713046820832043, "3": 0.44783936760329107, "4": 0.29556422933472115, "5": 0.3978216118595816, "6": 0.25226791112751923, "7": 0.7034994022788105, "8": 0.8253474803043755, "9": 0.6648398579574925, "10": 0.7500804607020104, "11": 0.46218213664984287, "12": 0.6821724726437016, "13": 0.2727530607530607, "14": 0.35641535784113615, "15": 0.16465207995898964, "16": 0.17836496826365922, "17": 0.45952714886796237, "18": 0.39501928376961, "19": 0.8200521608481807, "20": 0.39084714864718745, "21": 0.6810614455270162, "22": 0.03936203296459194, "23": 0.17412982551639344, "24": 0.7508471575037118, "25": 0.31006798761200155, "26": 0.12000573944270969, "27": 0.401184280361936, "28": 0.48037052297129657, "29": 0.5448397215721739}