{"0": 0.4594558170650125, "1": 0.26933655504965937, "2": 0.37405368601074623, "3": 0.5500704982228138, "4": 0.3352519732847602, "5": 0.22715315773149772, "6": 0.2876473419371279, "7": 0.6808017799770771, "8": 0.35626338636337596, "9": 0.7290600074583284, "10": 0.8003591864010359, "11": 0.37732481564957876, "12": 0.8041012432492609, "13": 0.3078336798336798, "14": 0.30537868207893776, "15": 0.18729677587082225, "16": 0.18593089310389826, "17": 0.37766312696186477, "18": 0.5010881068129119, "19": 0.8847500389788945, "20": 0.20644994530248817, "21": 0.05637847597729423, "22": 0.04097531799883695, "23": 0.3653039549436029, "24": 0.8487378764139827, "25": 0.3520925576039824, "26": 0.1407491322143897, "27": 0.42706482709886645, "28": 0.4933670252718771, "29": 0.5512545642090053}