{"0": 0.7858848142066533, "1": 0.2711680404151218, "2": 0.07662741888770885, "3": 0.7472702606977786, "4": 0.013494665625813168, "5": 0.5472827929181026, "6": 0.32662514342612325, "7": 0.7165056054792714, "8": 0.37918258864010523, "9": 0.4424788541008737, "10": 0.793180372010977, "11": 0.1529218196907021, "12": 0.8415847276209878, "13": 0.1456308616308616, "14": 0.33890466880089376, "15": 0.12150158714694487, "16": 0.6830186939756514, "17": 0.3756595204701797, "18": 0.3372663639373277, "19": 0.9166772972743121, "20": 0.141094804178895, "21": 0.6293527989614611, "22": 0.03656315251677107, "23": 0.07607979818707278, "24": 0.01247235736399823, "25": 0.3709006663529475, "26": 0.4509193409302894, "27": 0.48092046652545456, "28": 0.463809819514615, "29": 0.5371453714753578}