{"0": 0.7910069938575685, "1": 0.270047318807801, "2": 0.05822246181427569, "3": 0.7320266534166161, "4": 0.012977708387544452, "5": 0.5450694032024529, "6": 0.33340203597695023, "7": 0.7147263523499936, "8": 0.3820387480400827, "9": 0.44773302221692185, "10": 0.7126828177706366, "11": 0.15064231690285246, "12": 0.8464139470988232, "13": 0.14510972510972514, "14": 0.33610381797477595, "15": 0.12062500060912634, "16": 0.6797241035982067, "17": 0.38217124156815596, "18": 0.33600491082404094, "19": 0.9112911227339087, "20": 0.12503631021208422, "21": 0.6195815107605492, "22": 0.03868800738411103, "23": 0.07502367424570495, "24": 0.012248267728143889, "25": 0.3807382631302446, "26": 0.3829487765578833, "27": 0.4808927763388051, "28": 0.47306915787500764, "29": 0.5375626993238641}