{"0": 0.08122362099373594, "1": 0.2740829880303452, "2": 0.1602452465716988, "3": 0.6729752153242983, "4": 0.35773093937028366, "5": 0.23142296302763546, "6": 0.33473655711755673, "7": 0.6597166941657323, "8": 0.37943577288408803, "9": 0.7407334249924111, "10": 0.7673690701691024, "11": 0.09330572620808357, "12": 0.8459919930627771, "13": 0.2985687225687226, "14": 0.17052789893217027, "15": 0.12754799513548756, "16": 0.1873015942597986, "17": 0.3702664796633941, "18": 0.5154477280464328, "19": 0.9214185482842198, "20": 0.1421668723689246, "21": 0.09594197383196518, "22": 0.04363262986679292, "23": 0.08072705829146447, "24": 0.2056949082617054, "25": 0.37074480461073406, "26": 0.4478054561536944, "27": 0.481058325806732, "28": 0.3199185669227595, "29": 0.543554588421113}