{"0": 0.8320360031624399, "1": 0.25712452986776846, "2": 0.1020975211896153, "3": 0.47665582739365064, "4": 0.013513747939977446, "5": 0.4192798165358195, "6": 0.3417785022200732, "7": 0.6119642169053363, "8": 0.38266809173226846, "9": 0.7377021853207598, "10": 0.7884632865801376, "11": 0.15726871307398754, "12": 0.8572974792245754, "13": 0.14278401478401478, "14": 0.16304664503792196, "15": 0.11769077913648007, "16": 0.6902783988038151, "17": 0.2747946303346023, "18": 0.3614736601470572, "19": 0.9123329222831711, "20": 0.126380319472115, "21": 0.5844430149637151, "22": 0.039499623036357595, "23": 0.07044207514178819, "24": 0.012466460268317854, "25": 0.31540382070606765, "26": 0.39015698341921334, "27": 0.48296766192099033, "28": 0.47642704306366723, "29": 0.5398565116551157}