{"0": 0.6271313020738308, "1": 0.26549603654139436, "2": 0.2886680211130627, "3": 0.21460476508042556, "4": 0.39074334287449036, "5": 0.1119517451569219, "6": 0.33485073590126785, "7": 0.18607697629134384, "8": 0.48647604304373276, "9": 0.7047036000937553, "10": 0.3422589434219998, "11": 0.2996734293240134, "12": 0.8505439851668024, "13": 0.18233125433125436, "14": 0.17186171927035215, "15": 0.14602383546100625, "16": 0.1904638757609102, "17": 0.38990182328190737, "18": 0.29391904464528307, "19": 0.8613414409434309, "20": 0.11832093495508092, "21": 0.3084801921182553, "22": 0.0473210384171373, "23": 0.3070940958780945, "24": 0.18841712643465083, "25": 0.0401466662292321, "26": 0.3761088948884551, "27": 0.3864940555200483, "28": 0.4924232249140018, "29": 0.48913866578999043}