{"0": 0.818625798212005, "1": 0.26163091361522667, "2": 0.553564992878787, "3": 0.3188299527486715, "4": 0.013633446092462488, "5": 0.1420698879815593, "6": 0.33737819098027805, "7": 0.4148040786888766, "8": 0.3667958509130607, "9": 0.7321209741763257, "10": 0.08890231947935169, "11": 0.4950676753783231, "12": 0.8465646963307839, "13": 0.3743691383691383, "14": 0.30211460369980453, "15": 0.1622081200928222, "16": 0.1918443492471612, "17": 0.6838809857743937, "18": 0.5319921646852359, "19": 0.8829924451814998, "20": 0.397632699098971, "21": 0.7316198554142619, "22": 0.27059517903506936, "23": 0.13284511705982693, "24": 0.19823736906192493, "25": 0.3527615098959848, "26": 0.5739522772177162, "27": 0.4323256975540225, "28": 0.3232641476613998, "29": 0.48807884794942974}