{"0": 0.7165402907012102, "1": 0.24777374056995016, "2": 0.11911776613617507, "3": 0.2575823297157624, "4": 0.05508543672478097, "5": 0.16869757710277059, "6": 0.31646870247333386, "7": 0.30058604205363065, "8": 0.536197208824556, "9": 0.7304702812559036, "10": 0.023582970338868536, "11": 0.3302804181393105, "12": 0.8386953826413612, "13": 0.22307137907137906, "14": 0.10007605869840792, "15": 0.11118394400618707, "16": 0.1784464442970432, "17": 0.36984906164429304, "18": 0.29618518525370013, "19": 0.8395203469830336, "20": 0.12898911965591892, "21": 0.6168153099402568, "22": 0.04309122122295361, "23": 0.115525653073977, "24": 0.015302963290579388, "25": 0.14151545131558668, "26": 0.37404286779822726, "27": 0.38759633271840765, "28": 0.29247704333212426, "29": 0.43295781138098116}