{"0": 0.009402663747491333, "1": 0.11512958987393511, "2": 0.008881244637516219, "3": 0.02634564617554884, "4": 0.046718709341660156, "5": 0.036905343918358355, "6": 0.3137568936104326, "7": 0.15944272579847774, "8": 0.9065448729889184, "9": 0.03530230444430955, "10": 0.017276325390449376, "11": 0.04403942462895465, "12": 0.4248010228874134, "13": 0.21593993993993996, "14": 0.1849876458328857, "15": 0.022586586949300963, "16": 0.035446448747453195, "17": 0.19710478861951514, "18": 0.4871165167258182, "19": 0.5915720542586214, "20": 0.46891612833912105, "21": 0.01239853019433489, "22": 0.027803803851593686, "23": 0.05961349055689909, "24": 0.024296034203154945, "25": 0.029012342866054308, "26": 0.12511219190051612, "27": 0.4874228678109879, "28": 0.19234228046258334, "29": 0.44527314066959417}