{"0": 0.020970382533600923, "1": 0.26452819775112074, "2": 0.032505358511984, "3": 0.052149070433664485, "4": 0.26767455980570737, "5": 0.2650487597242307, "6": 0.44324359568804594, "7": 0.5331581108286358, "8": 0.8915840954480488, "9": 0.35593691616345613, "10": 0.16795280949116898, "11": 0.15780908926718254, "12": 0.8426314674371673, "13": 0.17099930699930702, "14": 0.23823217239971636, "15": 0.3540893288038709, "16": 0.6274808961028162, "17": 0.18788819875776394, "18": 0.5486832696241764, "19": 0.4326940794602486, "20": 0.13569743310286986, "21": 0.20337373780968138, "22": 0.2377792611133017, "23": 0.09152567348566784, "24": 0.18888163821441384, "25": 0.05399493597273982, "26": 0.3870605252341811, "27": 0.49011010276652295, "28": 0.3106979895522389, "29": 0.3581480168612554}