{"0": 0.04399440491394514, "1": 0.267290674838355, "2": 0.15821025486852822, "3": 0.08238690651735553, "4": 0.21560759823054906, "5": 0.15873177399301733, "6": 0.44580108465609514, "7": 0.31737717820290623, "8": 0.6135877955549287, "9": 0.0644917806017029, "10": 0.014193022153103817, "11": 0.2190505054630725, "12": 0.8471722183498098, "13": 0.16138507738507737, "14": 0.13508196721311475, "15": 0.13771334229236257, "16": 0.3354248544648249, "17": 0.1720096173111601, "18": 0.28939990289045037, "19": 0.41328967697126906, "20": 0.23879675173530596, "21": 0.5678380201996112, "22": 0.5323552309762489, "23": 0.10357137761468713, "24": 0.09977447732865691, "25": 0.048375899983705506, "26": 0.3009314458167444, "27": 0.48309499420828456, "28": 0.4917895225821559, "29": 0.01921651915017668}