{"0": 0.01778653530377668, "1": 0.26518312498150504, "2": 0.19555644080972864, "3": 0.1522664850104884, "4": 0.2416202619481308, "5": 0.1522443851807869, "6": 0.4420091828368853, "7": 0.11595881829886086, "8": 0.32663239034258845, "9": 0.6447150830933097, "10": 0.10175883409371768, "11": 0.05330603190300377, "12": 0.8602717970139759, "13": 0.12928620928620926, "14": 0.25514986141847323, "15": 0.08657616502529991, "16": 0.16834464263322665, "17": 0.25545982768984177, "18": 0.015856119164295857, "19": 0.891341015719125, "20": 0.12456950228038867, "21": 0.022252861678467486, "22": 0.2206921543157198, "23": 0.13175971958027757, "24": 0.1948123261721269, "25": 0.02938930654588891, "26": 0.12498325988194951, "27": 0.27806758088951433, "28": 0.319347373209216, "29": 0.18257769968974774}