{"0": 0.5250200085142613, "1": 0.2643874606198888, "2": 0.18363709136793155, "3": 0.0749070752501155, "4": 0.726179200277561, "5": 0.5561200746033074, "6": 0.4444314877254467, "7": 0.4246726459544348, "8": 0.9158065937616606, "9": 0.04932323881278231, "10": 0.1646189110903101, "11": 0.23076592700333826, "12": 0.8553465944048839, "13": 0.1911804111804112, "14": 0.19662505639945857, "15": 0.16047487644324415, "16": 0.15542132521022325, "17": 0.42042342883857603, "18": 0.6849624116063889, "19": 0.6731655114739691, "20": 0.14472547080185033, "21": 0.2827748706610778, "22": 0.5458494440427517, "23": 0.11006295141283153, "24": 0.19593465434173335, "25": 0.03461282891646259, "26": 0.3314297007839215, "27": 0.5023244558813817, "28": 0.2983510553454735, "29": 0.04721386753278803}