{"0": 0.02249808429118774, "1": 0.27510635773897424, "2": 0.2457452452887983, "3": 0.2477162837540662, "4": 0.3940064185965825, "5": 0.2126892638830025, "6": 0.34326264262922185, "7": 0.101104868573368, "8": 0.3611432112563303, "9": 0.2519635514759096, "10": 0.0801142910490847, "11": 0.1442475923683275, "12": 0.8623812641998658, "13": 0.2753892353892354, "14": 0.16888812495971467, "15": 0.2340939499169961, "16": 0.7357765114440454, "17": 0.3661924797969679, "18": 0.5284026531470665, "19": 0.5891057532848577, "20": 0.1211212463870519, "21": 0.03753647366198441, "22": 0.04716985510936587, "23": 0.0800290135391535, "24": 0.19687294471109446, "25": 0.3555473155740561, "26": 0.6859794828280998, "27": 0.36606717002738554, "28": 0.3090391627658308, "29": 0.2855129871003659}