{"0": 0.8638905309250139, "1": 0.2709254333109037, "2": 0.12345391758030878, "3": 0.05467247195437132, "4": 0.01983693295168705, "5": 0.2718586131833706, "6": 0.447149393789499, "7": 0.4985905183672197, "8": 0.439126972501177, "9": 0.7314195990930361, "10": 0.168210775100668, "11": 0.26581043507837454, "12": 0.85372274353737, "13": 0.1906962346962347, "14": 0.3341666845712567, "15": 0.1634662739277782, "16": 0.6748742733330096, "17": 0.21036198490616442, "18": 0.34942693988407736, "19": 0.7149225383056228, "20": 0.14080645013731508, "21": 0.16294891207079784, "22": 0.05687519646321551, "23": 0.0871192635436053, "24": 0.20268903517638842, "25": 0.029829897338629677, "26": 0.36830827962853635, "27": 0.5116520166033883, "28": 0.29768326843153964, "29": 0.44153222460339087}