{"0": 0.3489698960043787, "1": 0.25005295547317696, "2": 0.5550054321820596, "3": 0.19967679262995813, "4": 0.3619342527539249, "5": 0.14978830729479545, "6": 0.44714710116728634, "7": 0.20261236273247005, "8": 0.5952011940651203, "9": 0.7173304442245758, "10": 0.02670066899081397, "11": 0.3012417046489783, "12": 0.8390476794704951, "13": 0.33627535227535227, "14": 0.12251724212018993, "15": 0.11003691375155351, "16": 0.7452597710463578, "17": 0.10505576704735191, "18": 0.31580088198034617, "19": 0.6892602514493061, "20": 0.19287915439906986, "21": 0.5540549490197825, "22": 0.048215539654784846, "23": 0.09944431495539217, "24": 0.2062690113885569, "25": 0.027105110426695198, "26": 0.29797506347276087, "27": 0.47626126744256425, "28": 0.4784344776039846, "29": 0.4092180581372662}