{"0": 0.764600133795536, "1": 0.2714643113167694, "2": 0.21907936492182084, "3": 0.2712550526636801, "4": 0.013746205221615059, "5": 0.5576106998730405, "6": 0.3261375578626796, "7": 0.6268702721001853, "8": 0.9059088982808189, "9": 0.6604412350248763, "10": 0.37602295648243006, "11": 0.15463061246471504, "12": 0.8191431027315301, "13": 0.2622693462693463, "14": 0.17071009604022086, "15": 0.1475392332067058, "16": 0.1861895948567359, "17": 0.37514192212649433, "18": 0.5733482278908085, "19": 0.8941900185681279, "20": 0.18504971651660246, "21": 0.6001865754523508, "22": 0.046521105725634435, "23": 0.10917459059214436, "24": 0.2015029430178888, "25": 0.34734882519547816, "26": 0.3818094956428033, "27": 0.4079895164141498, "28": 0.4925981962352261, "29": 0.5505723937430436}