{"0": 0.46617186644772857, "1": 0.2546423231787513, "2": 0.32796030479782945, "3": 0.4834357209215793, "4": 0.018964350767629454, "5": 0.21622304886875, "6": 0.2715407791702461, "7": 0.6665921855753347, "8": 0.3386158417381459, "9": 0.6605306397666981, "10": 0.6784004166758798, "11": 0.4651206777572292, "12": 0.6930959131477901, "13": 0.26965858165858164, "14": 0.16597383065122576, "15": 0.06087566690571132, "16": 0.17518656874431623, "17": 0.356274627663127, "18": 0.4231129852303181, "19": 0.8081317061416563, "20": 0.3108839170088882, "21": 0.4199257357276653, "22": 0.03530428624570073, "23": 0.1811634476217623, "24": 0.5578162731773039, "25": 0.3181107592133044, "26": 0.2978921269651592, "27": 0.44689484529776397, "28": 0.4797105862764879, "29": 0.5347445721695966}