{"0": 0.4862572523262178, "1": 0.25338186656428924, "2": 0.20171558800354805, "3": 0.33916404484820184, "4": 0.017527972937809, "5": 0.5395240997593, "6": 0.29071494028620176, "7": 0.6698910928928693, "8": 0.8417960166884587, "9": 0.6646791454021825, "10": 0.6834565426220608, "11": 0.24225509773625598, "12": 0.7452709703134721, "13": 0.21184476784476783, "14": 0.3088816793073072, "15": 0.12356824550223111, "16": 0.17761609352302246, "17": 0.34757563614506115, "18": 0.4429770460829779, "19": 0.804474777111593, "20": 0.26232678753320104, "21": 0.4820424422374287, "22": 0.03667057223545076, "23": 0.08738394345785157, "24": 0.13472581050068053, "25": 0.30919473496271416, "26": 0.357682135720568, "27": 0.38586615142630537, "28": 0.47420036434760415, "29": 0.5406834741321962}