{"0": 0.8524186583956699, "1": 0.2364745188299504, "2": 0.10507698708716737, "3": 0.20579834561063826, "4": 0.017916558244427096, "5": 0.38059097672642356, "6": 0.36075792986778554, "7": 0.5533020435556452, "8": 0.3841673041484238, "9": 0.6967708005610509, "10": 0.015178205099857258, "11": 0.42169337180183275, "12": 0.8543711796093078, "13": 0.19416308616308617, "14": 0.11885868981372068, "15": 0.12859106918566637, "16": 0.7016660748076603, "17": 0.2825419087691178, "18": 0.3566985913130613, "19": 0.8750974472367508, "20": 0.2594000683701112, "21": 0.48550317508805413, "22": 0.042335636226438114, "23": 0.05496374722664089, "24": 0.014813504349108065, "25": 0.031507271248770174, "26": 0.36005420705164637, "27": 0.3812335680421561, "28": 0.2837172749837032, "29": 0.42822286963973705}