{"0": 0.8701828133552272, "1": 0.24090797652104243, "2": 0.11383801583045508, "3": 0.521603729533113, "4": 0.013513747939977448, "5": 0.42211570608579363, "6": 0.3271556791449739, "7": 0.6678387945863345, "8": 0.3866623745909115, "9": 0.45872616911344094, "10": 0.7260282386353865, "11": 0.35168012913197766, "12": 0.8541225940554149, "13": 0.24441764841764843, "14": 0.10270416604000601, "15": 0.16025307658089138, "16": 0.6808387689953886, "17": 0.19199559206571828, "18": 0.35524135672210044, "19": 0.8953452112656092, "20": 0.12689326483188892, "21": 0.11019353541186526, "22": 0.041757757925022364, "23": 0.04627507426078209, "24": 0.012466460268317854, "25": 0.33058453593677417, "26": 0.16972169746149926, "27": 0.48075056263987004, "28": 0.28145622415578986, "29": 0.3876777345230506}